{"rollouts": {"_type": "videos", "count": 3, "videos": [{"sha256": "5a53e10e111510305c4e8d1d789e2d3393e3dc2f70fe0af8545857cf52428715", "path": "media/videos/rollouts_1500083_0.mp4", "size": 1390791, "_type": "video-file", "width": 400, "height": 484}, {"path": "media/videos/rollouts_1500083_1.mp4", "size": 1370505, "_type": "video-file", "width": 400, "height": 484, "sha256": "9eb487d58b29202de58a4fd15d13515939825ba75dc9b907c56fad65ac6a5bfd"}, {"path": "media/videos/rollouts_1500083_2.mp4", "size": 1384704, "_type": "video-file", "width": 400, "height": 484, "sha256": "aaeaef75f5699a09dabaaa62c9a5c268108625181848412205097939653a04d2"}], "captions": false}, "train_hl_q_1": 0.5032811760902405, "train_kettle": 1, "_timestamp": 1646242141, "train_hl_policy_loss": -0.476109117269516, "_step": 1500083, "_runtime": 59118, "train_top burner": 0, "train_slide cabinet": 0, "train_episode_length": 280, "train_hl_pi_log_prob": 1.472699761390686, "train_hl_q_2": 0.4959777891635895, "train_hl_alpha": 0.01742050237953663, "train_bottom burner": 1, "train_hl_policy_entropy": 0.6040961742401123, "train_hl_prior_divergence": 4.316129684448242, "train_hl_q_target": 0.5157354474067688, "train_hl_target_divergence": 5, "train_microwave": 1, "train_hl_alpha_loss": 0.011914193630218506, "train_hl_critic_loss_2": 0.010215150192379951, "train_avg_reward": 3, "train_hinge cabinet": 0, "train_episode_reward": 3, "train_hl_critic_loss_1": 0.009926613420248032, "train_light switch": 0, "_wandb": {"runtime": 57369}}